track_name,source,peak_rank,weeks_on_chart,streams
0008,Sidhu Moose Wala,111,3,1651890
2 Khatole,Tuffan Music,179,11,2955361
2 Khatole (Lofi Mix),Tuffan Music,168,32,3048474
4 5 Pistol,GSC Music,128,1,1467775
48 Rhymes,WM Canada,168,3,1465459
52 Bars,Rehaan Records,12,61,1755105
7.7 Magnitude,WM Canada,115,2,1698132
9:45,Prabh Singh Official,9,81,1358525
AANKH,Warner Music India,112,13,1934635
ANTIDOTE,Karan Aujla/Rehaan Records,32,34,1481175
APT.,Atlantic Records,13,24,3414531
AZUL,Warner Music India,67,13,4908649
"Aadat - From ""Kalyug""",Vishesh Films,137,16,1499798
Aaj Bhi 2,Universal Music India Pvt Ltd.,110,12,1217430
"Aaj Ki Raat (From ""Stree 2"")",Saregama India Ltd,1,67,4404628
Aam Jahe Munde,Parmish Verma Films,20,79,1409248
"Aasa Kooda - From ""Think Indie""",Think Music,3,70,1943558
Aashiq Tera,Sony Music / EROS Music,153,35,2799790
Aavan Jaavan,YRF Music,8,14,3926802
"Aavan Jaavan (From ""WAR 2"")",YRF Music,26,2,5740866
Aaye Haaye (Feat. Nora Fatehi),T-Series,32,11,2567913
"Aayi Nai (From ""Stree 2"")",Saregama India Ltd,2,65,2786079
Admirin' You (feat. Preston Pablo),WM Canada,24,118,2007127
Ae Dil Hai Mushkil Title Track,Sony Music Entertainment India Pvt. Ltd.,79,301,2202046
Afsos,"Universal Music India Pvt. Ltd. (on behalf of Anuv Jain, AP DHILLON INC/Republic Records)",33,40,5304913
"Agar Tum Saath Ho (From ""Tamasha"")",T-Series,4,336,3704179
Ahista Ahista,Universal Music India Pvt Ltd.,173,11,2608648
Ajab Si,T-Series,24,200,2849450
"Akhiyaan Gulaab (From ""Teri Baaton Mein Aisa Uljha Jiya"")",T-Series,2,82,2326509
Alag Aasmaan,Universal Music India Pvt. Ltd. (on behalf of Anuv Jain),30,73,1294130
"All The Stars (with SZA) - From ""Black Panther: The Album""",Black Panther (TDE/DMG) PS,135,22,1588477
Ami Je Tomar 3.0,T-Series,47,9,1398168
"Angaaron (From ""Pushpa 2 The Rule"") [HINDI]",T-Series,37,11,1322802
Apna Bana Le,Zee Music Company,1,124,5094843
Arz Kiya Hai | Coke Studio Bharat,Universal Music India Pvt Ltd.,170,11,5819211
Asal Mein,Indie Music Label,21,195,1482675
At Peace,WM Canada,17,19,3380835
Aur Mohabbat Kitni Karoon,T-Series,153,3,1457008
Aura,SHUBH,146,23,2087687
Ayudha Pooja [TELUGU],T-Series,50,15,1297230
BLACK RIDE,FarArmy Productions,166,4,1725281
Baarishein,Universal Music India Pvt. Ltd. (on behalf of Anuv Jain),16,234,2392162
Baba Ji,Dreams Entertainment,32,10,2439277
Bahara,Sony Music Entertainment India Pvt. Ltd.,191,3,1540425
Balam Pichkari,T-Series,30,6,2596423
Balenci,Shubh,118,10,2065328
Bandana,Shubh,8,69,2103606
Bande 4,K Million Music,180,4,1483684
"Bandeya - From ""Dil Juunglee""",Pooja Music,70,84,1335444
Banjaara,T-Series,128,61,1447577
"Banjaara (From ""Ek Villain"")",T-Series,146,60,1579274
"Barbaad (From ""Saiyaara"")",YRF Music,7,16,7991473
Barbaad Reprise - Female,YRF Music,98,4,2306757
"Bas Ek Dhadak - From ""Dhadak 2""",Zee Music Company,182,5,2085742
"Beer Song - From ""Diesel""",Think Music,161,4,1284348
"Beete Lamhein Lofi Mix (From ""The Train"")",T-Series,75,52,1476128
"Bekhayali (From ""Kabir Singh"")",T-Series,1,277,1492825
Besos,PlayDMF,71,3,1943827
Bewajah,Sony Music / EROS Music,19,18,4085176
Bhagatt Aadmi,Punjabi Buggy,166,4,1406136
Bhartar,Real Music Production,192,2,1280325
Bhool Bhulaiyaa 3 - Title Track (feat. Pitbull),T-Series,13,11,1255531
"Bijuria (From ""Sunny Sanskari Ki Tulsi Kumari"")",Sony Music Entertainment India Pvt. Ltd.,167,5,1715159
Bikhra,2636621 Records DK,199,7,1561777
Bin Tere,Sony Music Entertainment India Pvt. Ltd.,189,24,1666320
Blender,GSC Music,192,41,3016522
Blinding Lights,Republic Records,4,205,1539563
Blue Eyes,T-Series,38,51,1924559
Bol Kaffara Kya Hoga,Desi Music Factory,200,4,1896204
Bol Na Halke Halke,YRF Music,196,3,1296757
"Bolna (From ""Kapoor & Sons (Since 1921)"")",Sony Music Entertainment India Pvt. Ltd.,59,104,1550521
Born to Shine,FAMOUS STUDIOS INC,14,105,2626090
Boyfriend,WM Canada,124,11,3854622
Buckle Up,SHUBH,125,3,1593639
"Bujji Thalli (From ""Thandel"")",Aditya Music,80,18,3057746
Bulleya,YRF Music,146,43,2835726
C.R.E.A.M POSSE,SMG STUDIO'S,148,3,1491966
CHAL,Mass Appeal,163,2,1411100
California Love,Brown Town Music,27,86,1401571
Can't Be Us,Prem Dhillon,77,1,2192410
"Chahun Main Ya Naa (From ""Aashiqui 2"")",T-Series,108,107,1800886
"Chale Aana (From ""De De Pyaar De"")",T-Series,18,137,1716040
Chaleya,T-Series,1,96,1711334
Chambal K Dakku,Bajewala Records,115,34,2605984
Chammak Challo,T-Series,105,60,1465691
Chand Sifarish,YRF Music,98,68,1499981
Channa Mereya,Sony Music Entertainment India Pvt. Ltd.,58,221,1378173
"Channa Ve - From ""Bhoot - Part One: The Haunted Ship""",Zee Music Company,33,82,1660604
Character Dheela,T-Series,188,4,1382056
Check It Out,SDA Studios,19,66,1267619
Cheques,SHUBH,1,128,2665646
Chikitu,Sun Pictures,130,5,2084343
"Chikitu (From ""Coolie"") (Tamil)",Sun Pictures,195,1,1342838
Chikni Chameli,Sony Music Entertainment India Pvt. Ltd.,194,1,1309112
Chirapunji - From Saina Music Indie,Saina Music Indie,117,3,1953746
Choo Lo,The Local Train,49,84,1340946
Chunnari Chunnari,Tips Industries Ltd,187,1,1331826
Churake,Universal Music India Pvt Ltd.,174,2,1293035
"Chuttamalle (From ""Devara Part 1"")",T-Series,4,63,2948251
Convo,Collab Creations Ltd,186,3,1394830
Coolie Disco,Sun Pictures,171,1,1430141
Courtside,Karan Aujla Music,13,18,3377052
Cry For Me,XO / Republic Records,185,10,1422945
DXB,Brown Town Music,70,3,2183357
Daytona,WM Canada,102,3,1835730
Deewana Kar Raha Hai,T-Series,164,29,2084218
Deewane,Universal Music India Pvt Ltd.,139,2,1647634
"Deewaniyat (From ""Ek Deewane Ki Deewaniyat"") (Original Motion Picture Soundtrack)",PlayDMF,123,9,5643061
"Dekhha Tenu (From ""Mr. And Mrs. Mahi"")",Sony Music Entertainment India Pvt. Ltd.,2,71,2686428
Departure Lane,Mass Appeal,124,9,1906748
Desi Kalakaar,T-Series,13,91,2036547
Deva Shree Ganesha,Sony Music Entertainment India Pvt. Ltd.,23,10,2216196
Dhak Dhak,Universal Music India Pvt Ltd.,185,1,1316187
"Dhoonde Akhiyaan - From ""Jabariya Jodi""",Zee Music Company,65,8,1303717
"Dhun (From ""Saiyaara"")",YRF Music,5,16,9409254
Dhundhala,Universal Music India Pvt. Ltd. (on behalf of Yashraj),39,19,2081694
"Dhurandhar - Title Track (From ""Dhurandhar"")",Saregama India Ltd,141,3,2231319
Die With A Smile,Interscope,4,58,5480132
Dil Diyan Gallan,YRF Music,53,299,2631003
Dil Ibaadat,Sony Music Entertainment India Pvt. Ltd.,54,46,2093370
Dil Kaa Jo Haal Hai,T-Series,98,12,2602746
Dil Nu,RUN-UP RECORDS,33,94,2282478
"Dil Se Dil Tak (From ""Bawaal"")",T-Series,38,37,1319540
Dil Tu Jaan Tu,Jhankar Music,14,55,1690817
"Dilbar Ki Aankhon Ka (From ""Thamma"") [Feat. Nora Fatehi]",T-Series,126,3,1884714
Don’t Say You Love Me,BIGHIT MUSIC,141,1,1487878
Dooron Dooron,Paresh Pahuja,166,5,2902083
"Duniyaa (From ""Luka Chuppi"")",T-Series,1,311,1445032
Ehsaas,Universal Music India Pvt Ltd.,160,18,4633772
Ek Din Teri Raahon,Tips Industries Ltd,185,3,1437672
Ek Khtola Jail Ke Bhitar,Ankit Baliyan,169,10,1990209
Enna Sona,Sony Music Entertainment India Pvt. Ltd.,34,161,1476714
Espresso,Island Records,26,53,1604911
Excuses,RUN-UP RECORDS,1,205,1966488
Faasle,CollabX Productions,123,37,1481984
Fell For You,SHUBH,179,41,2655959
Finding Her,EYP Creations,66,35,9124718
"Firestorm (From ""They Call Him OG"")",Sony Music Entertainment India Pvt. Ltd.,179,10,2210927
For A Reason,WM Canada,15,11,8405250
G.O.A.T.,FAMOUS STUDIOS INC,1,58,1487779
Gaadi 150,Big Wave Music,186,19,2726659
Gabbar Bhi Nachega,Masoom Sharma,163,4,1413503
Gears,Panj-aab Records,197,2,1263395
Gentleman 2,Global Music Junction,112,8,1878896
"God Bless U (From ""Good Bad Ugly"")",T-Series,125,3,1589720
God Damn,Universal Music India Pvt Ltd.,15,59,1665979
"Godari Gattu Meedha (From ""Sankranthiki Vasthunam"")",T-Series,189,12,2350490
"Golden Sparrow (From ""Nilavuku En Mel Ennadi Kobam"")",Wunderbar Films,75,24,1465630
Gulabi Aankhen,Universal Music India Pvt Ltd.,103,48,1671405
Gulabi Sadi,Sanjay Rathod,11,28,1506349
Gundey Dore Pe,Rajak Media Entertainment,162,2,1420530
"Guns and Roses (From ""They Call Him OG"")",Sony Music Entertainment India Pvt. Ltd.,161,3,2076397
"Guzaara (From ""Baaghi 4"")",T-Series,142,7,2552753
Guzarish,T-Series,148,42,1872220
HIM.,WM Canada,98,10,1950581
Haal-E-Dil - Female,Sony Music / EROS Music,151,2,1554203
Haan Ke Haan,YRF Music,9,45,1953028
Haan Tu Hain,Sony Music Entertainment India Pvt. Ltd.,115,3,1287844
Haji Mastan,Brown Town Music,91,2,1975306
Hale Dil,T-Series,98,53,2161764
Hamari Adhuri Kahani (Title Track),Sony Music Entertainment India Pvt. Ltd.,56,207,1756622
Haseen,Talwiinder,188,23,5962988
Hasi - Male Version,Sony Music Entertainment India Pvt. Ltd.,77,123,2163438
Hass Hass,Warner Music India,5,58,1312420
Hawayein,Sony Music Entertainment India Pvt. Ltd.,51,213,2178247
Heat Waves,Polydor Records,3,129,1532941
Heer,Freebird Records,133,7,2931370
Heeriye (feat. Arijit Singh),Warner Music India,1,112,2350752
Hey Minnale,Saregama India Ltd,10,16,1832386
High On You,Sony Music India / Nine,191,18,3394584
Hona Tha Pyar,Tips Industries Ltd,155,28,2198013
"Hua Main (From ""ANIMAL"")",T-Series,6,71,1440161
"Humdard (From ""Ek Villain"")",T-Series,24,277,4059722
Humnava Mere,T-Series,66,155,1582305
"Humsafar (From ""Badrinath Ki Dulhania"")",T-Series,70,94,2324418
"Humsafar (From ""Saiyaara"")",YRF Music,11,16,8260495
"Hungry Cheetah (From ""They Call Him OG"")",Sony Music Entertainment India Pvt. Ltd.,181,1,1385812
Husn,Universal Music India Pvt. Ltd. (on behalf of Anuv Jain),1,101,2998411
I Am The Danger,Sun Pictures,138,1,1541134
I Really Do...,WM Canada,56,11,2561628
I Wanna Be Yours,Domino Recording Co,48,156,1639916
I'ma Do My Thiiing,WM Canada,191,1,1365007
Ilahi,T-Series,185,32,1708850
Illuminati,Think Music,3,44,1696465
Ishq,Artiste First,2,84,6922782
Ishq Bawla | Coke Studio Bharat,Universal Music India Pvt Ltd.,133,2,1489318
Ishq Bulaava,Sony Music Entertainment India Pvt. Ltd.,119,32,2777853
Ishq Di Baajiyaan,Sony Music Entertainment India Pvt. Ltd.,137,63,2383365
Ishq Hai,Netflix Music,2,47,8176320
"Ishq Mein (From ""Nadaaniyan"")",Sony Music Entertainment India Pvt. Ltd.,68,1,1861296
"Ishq Mein - From ""Nadaaniyan""",Sony Music Entertainment India Pvt. Ltd.,60,6,1961322
Ishq Sufiyana (Male),T-Series,79,50,2186098
Ishq Wala Love,Sony Music Entertainment India Pvt. Ltd.,100,85,1436310
Itna Na Mujhse Tu Pyar Badha,Saregama India Ltd,182,7,1574719
"Itni Si Baat Hain (From ""Azhar"")",T-Series,144,56,2746008
I’m Done. - I-Popstar: Vol. 1,Warner Music India,54,2,4834448
"Jaan Ban Gaye - From ""Khuda Haafiz""",Zee Music Company,72,71,1352175
"Jaana Samjho Na (From ""Bhool Bhulaiyaa 3"")",T-Series,9,53,3696477
"Jaanam (From ""Bad Newz"")",Saregama India Ltd,7,28,1464288
Jaane Na Tu,EYP Creations,156,7,2286871
"Jaane Tu (From ""Chhaava"")",Sony Music Entertainment India Pvt. Ltd.,103,4,1974859
Jaat Intro (feat. Pranjal Dahiya),Sky Digital,104,8,1980758
Jab Se Tere Naina,Sony Music Entertainment India Pvt. Ltd.,190,3,1419752
"Jab Tu Sajan (From ""Aap Jaisa Koi"")",Netflix Music LLC / Sony Music Entertainment India Pvt. Ltd.,192,1,1347450
"Janiye (from the Netflix Film ""Chor Nikal Ke Bhaga"")",Netflix Music,5,122,2101350
Jeena Jeena,Sony Music / EROS Music,29,215,2895801
Jeene Laga Hoon,Tips Music Limited,62,61,2468437
Jhol,Giraffe Music,95,21,9203336
Jhol - Acoustic,Maanu,132,29,3660815
"Jhoom Sharaabi (From ""De De Pyaar De 2"")",T-Series,197,1,1351654
Jo Tere Sang,Sony Music Entertainment India Pvt. Ltd.,179,27,2888079
Jo Tum Mere Ho,Universal Music India Pvt. Ltd. (on behalf of Anuv Jain),1,65,6734459
"Jugraafiya - From ""Super 30""",Zee Music Company,57,41,3508430
Jutti Meri (Live),Neha Bhasin,115,7,2555258
Kaali Activa - Pind De Gerhe,T-Series,194,2,1295708
"Kabhi Jo Baadal Barse (From ""Jackpot)",T-Series,196,5,1427445
Kabhi Kabhi Aditi,T-Series,58,152,1540496
Kabira,T-Series,31,321,2232115
Kahani Suno 2.0,Kaifi Khalil,1,129,1733015
"Kaho Na Kaho - From ""Murder""",Vishesh Films,116,6,2070764
"Kaise Hua (From ""Kabir Singh"")",T-Series,5,334,2660676
Kalank - Title Track,Zee Music Company,5,291,1813439
"Kanimaa (From ""Retro"")",T-Series,199,19,3007342
Kanmanipoove,Sony Music Entertainment India Pvt. Ltd.,158,5,1393571
"Kanmanipoove (From ""Thudarum"")",Sony Music Entertainment India Pvt. Ltd.,158,1,1370765
"Kannadi Poove (From ""Retro"")",T-Series,199,15,2368856
Kannodu - Live,Job Kurian Productions,200,3,1361334
Kannukulla,Think Music,190,1,1338579
Kashish,Sony Music India / Nine,48,7,4886256
"Kasturi (From ""Amar Prem Ki Prem Kahani"")",Times Music,65,30,1966575
"Katchi Sera - From ""Think Indie""",Think Music,6,48,1334052
"Kaun Tujhe (From ""M.S.Dhoni - The Untold Story"")",T-Series,57,44,1264659
Kesariya,Sony Music Entertainment India Pvt. Ltd.,1,172,1954914
Khairiyat,T-Series,1,272,1256738
Khamoshiyan,Sony Music Entertainment India Pvt. Ltd.,90,80,1423173
Khayaal,Sony Music Entertainment India Pvt. Ltd.,75,29,3385813
Kheech Meri Photo,Sony Music / EROS Music,189,1,1307799
Kho Gaye,Netflix Music,8,61,2030004
"Khoobsurat (From ""Stree 2"")",Saregama India Ltd,5,44,2324909
Khuda Jaane,YRF Music,37,161,2455531
Kiliye Kiliye - Afrobeat Mix,Saregama India Ltd,192,1,1325444
King Shit,SHUBH,5,55,1293497
Kinni Kinni,DILJIT DOSANJH,24,77,1776158
Kishore Kumar Speaks And O Mere Dil Ke Chain (Film - Mere Jeevan Saathi),Saregama India Ltd,195,4,1518967
"Kissik (From ""Pushpa 2 The Rule"") [HINDI]",T-Series,122,5,1522485
"Kissik (From ""Pushpa 2 The Rule"") [TELUGU]",T-Series,30,8,1686133
Knife Brows,FarArmy Productions,80,23,1681594
"Koi Naa (From ""Bhool Chuk Maaf"")",Sony Music Entertainment India Pvt. Ltd.,135,5,1788785
Kufar,Diljit Dosanjh,155,2,1727130
Kun Faya Kun,T-Series,60,153,1336123
"Kya Meri Yaad Aati Hai (From ""Sky Force"")",Saregama India Ltd,200,1,1291659
Kya Mujhe Pyar Hai,T-Series,42,101,1341984
La La La,Universal Music India Pvt Ltd.,191,11,2057352
Laagi Lagan Shankara,Hansraj Raghuwanshi,169,1,1352904
"Laal Pari (From ""Housefull 5"")",T-Series,101,26,3839780
Labon Ko,T-Series,85,6,1390323
Lalkara,DILJIT DOSANJH,22,75,1548859
Lemonade,DILJIT DOSANJH,26,132,1579479
Let Me Love You,DJ Snake Def Jam,90,215,1381077
Lock,Sidhu Moose Wala,58,3,2031736
Lofar,Sky High Music,106,34,2678643
Lor Lor,EYP Creations,148,2,1441786
Love Dose,T-Series,32,71,1797206
MAUNA LOA,Mass Appeal,98,4,1747081
MF Gabhru!,WM Canada,73,14,3646292
MVP,Shubh,24,24,1404255
Maahi,Sony Music Entertainment India Pvt. Ltd.,157,25,2308195
Maan Meri Jaan,Warner Music India,1,122,1626216
Maand,Bayaan,189,10,5418761
"Maaye (From ""Sky Force"")",Saregama India Ltd,161,2,1423235
Mahiye Jinna Sohna,Warner Music India,2,83,1317706
Main Hi Kyon,T-Series,196,2,1222968
Main Rang Sharbaton Ka,Tips Industries Ltd,73,64,1589908
Maiyya,T-Series,49,43,2911212
Maiyya Mainu,Zee Music Company,5,149,2205344
Malang Sajna,T-Series,4,132,1908992
Malwa Flow,Universal Music India Pvt Ltd.,156,1,1394301
Manasilaayo,Sony Music Entertainment India Pvt. Ltd.,7,24,1881485
"Maniac - Bonus Track [From ""Glory""]",T-Series,61,9,3137198
Manjha,Desi Music Factory,16,144,1666457
Mann Mera,Sony Music / EROS Music,26,238,4898040
Mann Mera - Original Version,Sony Music / EROS Music,96,19,2924769
Mard,Masoom Sharma,182,11,1873541
Maruti,FarArmy Productions,181,7,1504926
"Mast Magan (From ""2 States"")",T-Series,45,236,2397561
"Mast Magan (From ""2 States)",T-Series,43,246,3179614
Maula Mere Maula,Saregama,135,55,2107915
Mehrama,Sony Music Entertainment India Pvt. Ltd.,10,193,1231399
"Mera Hua (From ""Ek Deewane Ki Deewaniyat"") (Original Motion Picture Soundtrack)",PlayDMF,166,3,2720600
Mera Mann,Speed Records,12,16,2944087
Mere Bina,Sony Music Entertainment India Pvt. Ltd.,147,10,1459492
"Mere Liye Tum Kaafi Ho (From ""Shubh Mangal Zyada Saavdhan"")",T-Series,11,248,1306178
Mere Mehboob,T-Series,29,23,1964897
Mere Mittar,Komal Chaudhary,77,11,2164308
"Mere Sohneya (From ""Kabir Singh"")",T-Series,4,290,2880130
Millionaire,T-Series,3,62,4270616
"Milne Hai Mujhse Aayi (From ""Aashiqui 2"")",T-Series,198,4,1445585
Minnalvala,Sony Music Entertainment India Pvt. Ltd.,17,20,3664913
"Minnalvala (From ""Narivetta"")",Sony Music Entertainment India Pvt. Ltd.,75,2,2590205
Mitwa,Sony Music Entertainment India Pvt. Ltd.,119,64,2175658
Mobsta,Sun Pictures,168,3,1947257
Mogambo,Brown Town Music,77,3,2096094
Monica,Sun Pictures,15,17,4891919
"Monica (From ""Coolie"") (Tamil)",Sun Pictures,79,3,4107187
"Monica (From ""Coolie"") (Telugu)",Sun Pictures,128,1,1600443
Morni,Saregama India Ltd,33,10,2064946
Muththa Mazhai,Saregama India Ltd,103,2,1721893
Muththa Mazhai (Reprise),Saregama India Ltd,83,7,2320589
NaaNaa Hyraanaa,Saregama India Ltd,143,4,1410971
"NaaNaa Hyraanaa (From ""Game Changer"") (Telugu)",Saregama India Ltd,143,3,1234908
Naam Chale,All Good Music Pvt Ltd,65,16,5778764
Naam Tera,White Hill Dhaakad,158,5,1515857
Nahin Milta,rearts records,147,11,1941542
"Nain Matakka - From ""Baby John""",Zee Music Company,100,6,1649162
"Naina (From ""Crew"")",Tips Music Limited,3,69,2689817
Nallaru Po,Think Music,188,1,1340310
Namo Namo,Zee Music Company,19,151,1360307
"Nasha (From ""Raid 2"")",T-Series,117,3,1626964
Nazm Nazm,Zee Music Company,106,67,1887217
Nazra Ke Teer,All Good Music Pvt Ltd,192,14,1828609
Neal,Sidhu Moose Wala,179,1,1340489
Nee Singam Dhan,Sony Music Entertainment India Pvt. Ltd.,94,24,1831195
Neele Neele Ambar Par - Male Version,Sony Music India / 550 Music,179,2,1326774
Night Changes,Syco Music,22,196,1463976
No Love,SHUBH,2,138,1263406
Not Like You,Hammy Muzic,188,7,1556797
O Maahi,T-Series,4,97,2535684
O Meri Laila,Zee Music Company,16,64,1762135
O Rangrez,Sony Music Entertainment India Pvt. Ltd.,159,53,2274621
O Re Piya,YRF Music,95,42,1282664
O Saathi,T-Series,52,171,2564660
"O Shera - Teer Te Taj (Film Version) - From ""Kesari Chapter 2""",Zee Music Company,117,3,1562770
"Og Sambavam (From ""Good Bad Ugly"")",T-Series,151,1,1448952
Oh Mama! TETEMA,T-Series,125,1,1611498
Old Money,AP Dhillon,13,38,1758561
One Love,SHUBH,3,116,2575056
"One Of The Girls (with JENNIE, Lily Rose Depp)",XO / Republic Records,98,83,1547966
Oorum Blood,Think Music,5,10,5729055
"Oorum Blood - From ""Dude""",Think Music,89,8,6128727
PAN INDIA,T-Series,116,3,1769887
PASSO BEM SOLTO - Slowed,broke,197,10,1527635
"PERFECT (From ""Sunny Sanskari Ki Tulsi Kumari"")",Sony Music Entertainment India Pvt. Ltd.,79,6,2315776
Paaro,Universal Music India Pvt Ltd.,150,34,2890598
Pal,Sony Music Entertainment India Pvt. Ltd.,34,335,1778197
Pal Pal,Afusic,156,6,6370931
Pal Pal (with Talwiinder),Afusic,69,3,2772203
"Pal Pal Dil Ke Paas - From ""Blackmail""",Universal Music India Pvt Ltd.,115,20,2302404
"Pal Pal Dil Ke Paas - Title Track - From ""Pal Pal Dil Ke Paas""",Zee Music Company,3,157,1691200
Pani Da Rang - Male,Sony Music / EROS Music,68,62,1926654
Paniyon Sa,T-Series,68,87,1312029
"Panwadi (From ""Sunny Sanskari Ki Tulsi Kumari"")",Sony Music Entertainment India Pvt. Ltd.,140,6,1656327
"Pardesiya - From ""Param Sundari""",Universal Music India Pvt Ltd.,20,14,5906237
Paro,Universal Music India Pvt Ltd.,47,35,4512895
"Pathikichu (From ""Vidaamuyarchi"")",Sony Music Entertainment India Pvt. Ltd.,153,3,1459264
"Paththavaikkum (From ""Devara Part 1"")",T-Series,132,11,2585644
Payal,T-Series,14,36,3342763
Pee Loon,T-Series,37,90,1946994
"Peelings (From ""Pushpa 2 The Rule"") [TELUGU]",T-Series,19,10,2283042
Pehle Bhi Main,T-Series,1,92,2778582
Pehli Dafa,T-Series,90,105,2516396
Perfect,Atlantic Records UK,29,287,1691633
"Phir Aur Kya Chahiye (From ""Zara Hatke Zara Bachke"")",Saregama India Ltd,1,106,1607800
Phir Bhi Tumko Chaahunga,Zee Music Company,149,51,1855143
"Phir Mohabbat (From ""Murder 2"")",T-Series,135,51,1784172
Pirai Thedum,Gemini Audio/Gemini Entertainment & Mobile Media Services,107,5,1354802
Piya O Re Piya,Tips Music Limited,114,18,1731718
Police,Brown Town Music,69,12,1990494
"Pottala Muttaye - From ""Thalaivan Thalaivii""",Think Music,112,11,1804412
Powerhouse,Sun Pictures,20,16,4726621
"Powerhouse (From ""Coolie"") (Tamil)",Sun Pictures,184,2,3716784
"Preet Re - From ""Dhadak 2""",Zee Music Company,185,14,2396768
"Premalo (From ""Court"")",Saregama India Ltd,53,11,2962678
Pretty Little Baby,Universal Records,125,4,1606064
Proper Patola,Sony Music Entertainment India Pvt. Ltd.,18,120,1203721
Qaafirana,Zee Music Company,40,189,1350590
Qatal,Warner Music India,116,28,5498417
Qayde Se,T-Series,198,7,1709404
Raabta,T-Series,41,160,2393948
"Raanjhan (From ""Do Patti"")",T-Series,2,55,9492013
"Raanjhanaa (From ""Raanjhanaa"")",Sony Music Entertainment India Pvt. Ltd.,110,64,2183883
"Raat Bhar (From ""De De Pyaar De 2"")",T-Series,37,1,2693733
Raat Ke Shikari,Sonotek Cassettes,172,22,3288498
Raatein Guzaari,Tips Music Limited,198,3,1342678
Rahein Na Rahein Hum - From “Thamma”,Universal Music India Pvt. Ltd.,107,2,1824494
Ramayan Ka Saar,Masoom Sharma,185,21,2032858
"Rang (From ""Sky Force"")",Saregama India Ltd,198,1,1252551
Rang Lageya,Saregama,35,77,1283451
Ranjha,Sony Music Entertainment India Pvt. Ltd.,1,178,1861535
"Ranjha (From ""Shershaah"")",Sony Music Entertainment India Pvt. Ltd.,1,222,2570937
Ranjhea,Brown Town Music,156,1,1495453
Ranjheya Ve,Zain Zohaib,187,37,3024232
"Rise Of Dragon - From ""Dragon""",Think Music,193,1,1246249
Run It Up,Capitol Records/Universal Music India,154,5,2402731
Russian Bandana,Universal Music India Pvt Ltd.,6,58,3335686
SHERIYA,Universal Music India Pvt Ltd.,147,3,1501524
STFU,AP Dhillon,30,25,3228944
Sahiba,T-Series,1,18,12797116
Saibo,Sony Music Entertainment India Pvt. Ltd.,31,262,2846074
Saiyaara,YRF Music,1,21,8188778
"Saiyaara (From ""Saiyaara"")",YRF Music,89,18,26355165
Saiyaara Reprise - Female,YRF Music,6,16,8481535
Saiyaara Teaser,YRF Music,168,1,1449924
Saiyyan,Sony Music Entertainment India Pvt. Ltd.,103,97,2258496
Sajde,Artiste First,185,23,4487634
Sajna,Darshan Raval,101,11,2151349
"Sajna Ve Sajna (From ""Vicky Vidya Ka Woh Wala Video"")",T-Series,177,1,1264019
"Sajni (From ""Laapataa Ladies"")",T-Series,1,79,3850295
Salambala,Times Music,116,4,1760297
Samjhawan,Sony Music Entertainment India Pvt. Ltd.,70,220,1792899
Samjho Na,CollabX Productions,23,133,4069920
Sanam Teri Kasam,Sony Music / EROS Music,74,39,7433206
Sanam Teri Kasam - Reprise,Sony Music / EROS Music,152,2,1462570
Sang Rahiyo,Warner Music India,21,87,3377550
Sapphire,Gingerbread Man Records / Atlantic Records UK,5,16,7713661
"Satranga (From ""ANIMAL"")",T-Series,2,106,3051377
Sawaar Loon,T-Series,53,16,1217335
"Sawadeeka (From ""Vidaamuyarchi"")",Sony Music Entertainment India Pvt. Ltd.,200,8,1716387
Señorita,Island Records,1,226,1648696
Shake It To The Max (FLY) - Remix,WONDERGIRL LLC,175,3,1324594
Shaky,Sanjay Rathod,94,25,5939530
Shape of You,Atlantic Records UK,63,268,2028744
Shayad,Sony Music Entertainment India Pvt. Ltd.,1,303,2106009
Shiv Tandav Stotram,Times Music,159,2,1329890
Shree Hanuman Chalisa,T-Series,39,169,2587721
Shri Krishna Govind Hare Murari,T-Series,35,37,1477219
Shubhaarambh,UTV,182,2,1402115
Singari,Think Music,70,3,2229041
"Singari - From ""Dude""",Think Music,96,1,1942829
Sirra,Warner Music India,47,16,5774477
"Sithira Puthiri - From ""Think Indie""",Think Music,159,12,1712164
Soch Na Sake,T-Series,46,127,2010023
Softly,WM Canada,4,116,3172926
"Soni Soni (From ""Ishq Vishk Rebound"")",Tips Industries Ltd,4,53,1780490
"Sooseki (From ""Pushpa 2 The Rule"") [TELUGU]",T-Series,89,13,1526629
Soulmate,Universal Music India Pvt Ltd.,2,61,1831537
Starboy,Universal Republic Records,12,223,1711204
Stay,Warner Music India,188,4,1331731
Subhanallah,T-Series,41,135,2511482
Sun Saathiya,Zee Music Company,121,44,1790584
Sundari,Sanjay Rathod,140,7,3113272
Suniyan Suniyan,Mix It Up Studio,3,77,2349676
"Sunn Mere Yaar Ve - From ""Param Sundari""",Universal Music India Pvt Ltd.,197,1,1262430
Sunn Raha Hai (Male Version),T-Series,146,23,1657432
Superstar,5.5 Records Under Exclusive License to AWAL,76,14,1960824
Supreme,Shubh,116,29,6759422
Suroor,Universal Music India Pvt Ltd.,172,1,1394753
"Tainu Khabar Nahi - From ""Munjya""",Zee Music Company,17,73,2677349
Take Notes,Sidhu Moose Wala,164,1,1410591
"Taras - From ""Munjya""",Zee Music Company,38,50,1600323
Tauba Tauba,Saregama India Ltd,1,56,2857867
Tell Me,WM Canada,190,3,1271829
Tension,Universal Music India Pvt Ltd.,168,3,1551661
Tenu Sang Rakhna,Saregama India Ltd,102,21,1733050
"Tera Ban Jaunga (From ""Kabir Singh"")",T-Series,4,296,2051572
Tera Chehra,Sony Music / EROS Music,157,40,5834202
Tera Fitoor,Tips Music Limited,61,108,2024488
Tera Ghata,Virtual Planet Production Pvt. Ltd.,62,71,1379517
Tera Hone Laga Hoon,Tips Industries Ltd,33,234,2466356
Tera Mera Rishta,Sony Music / Vishesh Films,161,30,1825757
"Tera Yaar Hoon Main (From ""Sonu Ke Titu Ki Sweety"")",T-Series,54,197,1282073
Tere Bina,Sony Music Entertainment India Pvt. Ltd.,103,64,4956975
Tere Bina Na Guzara E,Speed Records,19,53,1898131
"Tere Ishk Mein (From ""Tere Ishk Mein"")",T-Series,194,3,2400231
Tere Liye,Tips Industries Ltd,187,27,2774792
Tere Naina,Sony Music Entertainment India Pvt. Ltd.,175,42,1787060
Tere Pyaar Mein,T-Series,5,96,1606273
Tere Sang Yaara,Zee Music Company,125,52,1620948
"Teri Baaton Mein Aisa Uljha Jiya Title Song (From ""Teri Baaton Mein Aisa Uljha Jiya"")",T-Series,5,48,1442270
Teri Deewani,Sony Music Entertainment India Pvt. Ltd.,143,66,2745202
Teri Jhuki Nazar,Sony Music Entertainment India Pvt. Ltd.,162,16,1876693
Teri Ramjhol Bole Gi (feat. Kay D & Aarohi Raghav),Empire Media,173,22,3068522
Teri Yaad,Universal Music India Pvt Ltd.,134,4,1488124
The Fate of Ophelia,Taylor Swift,130,1,1685603
Thodi Si Daaru,AP Dhillon,25,14,8243642
"Thottu Thottu (Form ""Ethirum Puthirum"")",Music Masters Audio Video LLP,134,3,1586922
Timeless (feat Playboi Carti),XO / Republic Records,165,21,1859192
Together,Shubh,163,4,1467445
Toh Phir Aao,Sony Music / Vishesh Films,155,16,1475442
Toota Jo Kabhi Tara,Zee Music Company,162,1,1523176
"Trance of Omi (From ""They Call Him OG"")",Sony Music Entertainment India Pvt. Ltd.,189,2,1614569
Triple OG,DIVINE,192,7,1435037
Tu,T-Series,111,1,1858685
Tu Hai Ki Nahi,T-Series,75,7,1877272
"Tu Hain Toh (From ""Mr. And Mrs. Mahi"")",Sony Music Entertainment India Pvt. Ltd.,8,56,1798010
"Tu Hain Toh Main Hoon (From ""Sky Force"")",Saregama India Ltd,18,29,4594499
Tu Hi Haqeeqat,Sony Music Entertainment India Pvt. Ltd.,174,25,1707134
Tu Hi Mera,Sony Music Entertainment India Pvt. Ltd.,163,19,2009907
Tu Jaane Na,Tips Industries Ltd,71,214,2257502
Tu Ru Ruu,Universal Music India Pvt Ltd. – Distribution,158,1,1402766
Tu hai kahan,Sony Music Middle East / South Asia,1,82,2418016
Tujhe Bhula Diya,T-Series,94,35,1533367
"Tujhe Kitna Chahne Lage (From ""Kabir Singh"")",T-Series,2,336,3901950
Tum Hi Ho,T-Series,42,249,2718172
Tum Ho,T-Series,62,31,1195003
"Tum Ho Toh (From ""Saiyaara"")",YRF Music,8,16,8656855
Tum Jo Aaye,T-Series,179,23,1757134
"Tum Kya Mile (From ""Rocky Aur Rani Kii Prem Kahaani"")",Saregama India Ltd,9,108,1660103
Tum Mere Na Huye - From “Thamma”,Universal Music India Pvt. Ltd.,150,5,2718717
Tum Mile,Sony Music Entertainment India Pvt. Ltd.,177,26,1969064
"Tum Se (From ""Teri Baaton Mein Aisa Uljha Jiya"")",T-Series,10,91,3095773
Tum Se Hi,T-Series,14,294,3565264
"Tum Tak (From ""Raanjhanaa"")",Sony Music Entertainment India Pvt. Ltd.,167,55,2118204
"Tumhare Hi Rahenge Hum (From ""Stree 2"")",Saregama India Ltd,8,64,2596268
"Tumse Behtar (From ""Sunny Sanskari Ki Tulsi Kumari"")",Sony Music Entertainment India Pvt. Ltd.,131,4,1894574
Tutor,Brown Town Music,197,4,2443884
Up To U,FarArmy Productions,58,28,1416130
"Uyi Amma - From ""Azaad""",Zee Music Company,191,36,2523074
Vaarayo Vaarayo,Sony Music Entertainment India Pvt. Ltd.,178,2,1336893
Vaaroon,Zee Music Company,197,19,2079303
Vartmaan,UNIYAL,51,4,2054810
"Vazhithunaiye - From ""Dragon""",Think Music,196,14,1755807
Ve Haaniyaan,Dreamiyata Entertainment Pvt Ltd,10,73,1655355
"Ve Kamleya (From ""Rocky Aur Rani Kii Prem Kahaani"")",Saregama India Ltd,15,112,1795657
"Vibe Undi (From ""Mirai"") [Telugu]",Tips Music Limited,177,1,1397834
Victory Anthem,Sony Music India / Brown,17,17,2493665
"Vizhi Veekura - From ""Think Indie""",Think Music,182,4,1474862
Warning,Gem Tunes Haryanvi,130,17,1652280
Water,Famous Studios,181,21,2404046
Wavy,Karan Aujla Music,4,51,4526435
White Brown Black,Universal Music India Pvt Ltd. – Distribution,29,125,2126223
Winning Speech,Karan Aujla,8,77,2966205
With You,Mass Appeal India,2,65,1392906
Without Me,AP Dhillon,187,1,1353514
"Woh Lamhe Woh Baatein - From ""Zeher""",UME - Global Clearing House,190,21,1830470
YEDA YUNG,Gully Gang Records,113,7,2589356
"Ya Ali - From ""Gangster""",Vishesh Films,119,2,1689636
Yaari,Kiara Records,153,6,2233652
Ye Tune Kya Kiya,T-Series,26,90,4036122
"Yedi (From ""Nilavuku En Mel Ennadi Kobam"")",Wunderbar Films,191,11,1604450
You're U Tho,WM Canada,186,1,1375033
Young G.O.A.T,Brown Town Music,117,16,1776442
Zaalima,Zee Music Company,78,124,2880442
Zamaana Lage,T-Series,26,14,2652472
"Zamaana Lage (From ""Metro ... In Dino"")",T-Series,50,3,2647074
Zara Sa,Sony Music Entertainment India Pvt. Ltd.,33,140,2696702
Zaroor,Sony Music India / Nine,13,64,1754494
Zaroorat,T-Series,129,12,1400059
"Zaroorat (From ""Ek Villain"")",T-Series,197,11,1560662
Zehnaseeb,Sony Music Entertainment India Pvt. Ltd.,167,7,1559627
Zihaal e Miskin,Universal Music India Pvt Ltd.,7,67,1430566
blue,BMG Rights Management (US) LLC,33,32,3183311
like JENNIE,OA Entertainment/Columbia,181,11,1506338
luther (with sza),"pgLang, under exclusive license to Interscope Records",169,1,1374544
